Title,Date,Time,Venue,City,URL,Image URL
Hamilton (NY),2025-05-23,19:00:00,Richard Rodgers Theatre,New York,https://www.ticketmaster.com/hamilton-ny-new-york-new-york-05-23-2025/event/Z1r9uZrrZbpZ1AvaA8e,https://s1.ticketm.net/dam/a/00f/b9aebee0-d1cb-4a5c-8e0e-0ca03fd4d00f_ARTIST_PAGE_3_2.jpg
Hamilton (NY),2025-05-22,19:00:00,Richard Rodgers Theatre,New York,https://www.ticketmaster.com/hamilton-ny-new-york-new-york-05-22-2025/event/Z1r9uZrrZbpZ1AvaAu9,https://s1.ticketm.net/dam/a/00f/b9aebee0-d1cb-4a5c-8e0e-0ca03fd4d00f_ARTIST_PAGE_3_2.jpg
Hamilton,2025-05-23,19:00:00,Richard Rodgers Theatre-NY,New York,https://www.ticketmaster.com/event/Z7r9jZ1A7okPM,https://s1.ticketm.net/dam/a/00f/b9aebee0-d1cb-4a5c-8e0e-0ca03fd4d00f_ARTIST_PAGE_3_2.jpg
Hamilton,2025-05-22,19:00:00,Richard Rodgers Theatre-NY,New York,https://www.ticketmaster.com/event/Z7r9jZ1A7okPU,https://s1.ticketm.net/dam/a/00f/b9aebee0-d1cb-4a5c-8e0e-0ca03fd4d00f_ARTIST_PAGE_3_2.jpg
Hamilton (NY),2025-05-24,19:00:00,Richard Rodgers Theatre,New York,https://www.ticketmaster.com/hamilton-ny-new-york-new-york-05-24-2025/event/Z1r9uZrrZbpZ1AvaAo9,https://s1.ticketm.net/dam/a/00f/b9aebee0-d1cb-4a5c-8e0e-0ca03fd4d00f_ARTIST_PAGE_3_2.jpg
Hamilton (NY),2025-05-24,13:00:00,Richard Rodgers Theatre,New York,https://www.ticketmaster.com/hamilton-ny-new-york-new-york-05-24-2025/event/Z1r9uZrrZbpZ1AvaAoA,https://s1.ticketm.net/dam/a/00f/b9aebee0-d1cb-4a5c-8e0e-0ca03fd4d00f_ARTIST_PAGE_3_2.jpg
Hamilton,2025-05-24,13:00:00,Richard Rodgers Theatre-NY,New York,https://www.ticketmaster.com/event/Z7r9jZ1A7okPy,https://s1.ticketm.net/dam/a/00f/b9aebee0-d1cb-4a5c-8e0e-0ca03fd4d00f_ARTIST_PAGE_3_2.jpg
Hamilton,2025-05-24,19:00:00,Richard Rodgers Theatre-NY,New York,https://www.ticketmaster.com/event/Z7r9jZ1A7okPz,https://s1.ticketm.net/dam/a/00f/b9aebee0-d1cb-4a5c-8e0e-0ca03fd4d00f_ARTIST_PAGE_3_2.jpg
Hamilton (NY),2025-05-25,19:00:00,Richard Rodgers Theatre,New York,https://www.ticketmaster.com/hamilton-ny-new-york-new-york-05-25-2025/event/Z1r9uZrrZbpZ1Ava67b,https://s1.ticketm.net/dam/a/00f/b9aebee0-d1cb-4a5c-8e0e-0ca03fd4d00f_ARTIST_PAGE_3_2.jpg
Hamilton (NY),2025-05-25,13:00:00,Richard Rodgers Theatre,New York,https://www.ticketmaster.com/hamilton-ny-new-york-new-york-05-25-2025/event/Z1r9uZrrZbpZ1AvaAfb,https://s1.ticketm.net/dam/a/00f/b9aebee0-d1cb-4a5c-8e0e-0ca03fd4d00f_ARTIST_PAGE_3_2.jpg
Hamilton,2025-05-25,13:00:00,Richard Rodgers Theatre-NY,New York,https://www.ticketmaster.com/event/Z7r9jZ1A7okJZ,https://s1.ticketm.net/dam/a/00f/b9aebee0-d1cb-4a5c-8e0e-0ca03fd4d00f_ARTIST_PAGE_3_2.jpg
Hamilton,2025-05-25,19:00:00,Richard Rodgers Theatre-NY,New York,https://www.ticketmaster.com/event/Z7r9jZ1A7okJv,https://s1.ticketm.net/dam/a/00f/b9aebee0-d1cb-4a5c-8e0e-0ca03fd4d00f_ARTIST_PAGE_3_2.jpg
Hamilton (NY),2025-05-27,19:00:00,Richard Rodgers Theatre,New York,https://www.ticketmaster.com/hamilton-ny-new-york-new-york-05-27-2025/event/Z1r9uZrrZbpZ1AvaAFV,https://s1.ticketm.net/dam/a/00f/b9aebee0-d1cb-4a5c-8e0e-0ca03fd4d00f_ARTIST_PAGE_3_2.jpg
Hamilton,2025-05-27,19:00:00,Richard Rodgers Theatre-NY,New York,https://www.ticketmaster.com/event/Z7r9jZ1A7okJe,https://s1.ticketm.net/dam/a/00f/b9aebee0-d1cb-4a5c-8e0e-0ca03fd4d00f_ARTIST_PAGE_3_2.jpg
Hamilton (NY),2025-05-28,13:00:00,Richard Rodgers Theatre,New York,https://www.ticketmaster.com/hamilton-ny-new-york-new-york-05-28-2025/event/Z1r9uZrrZbpZ1AvaAGw,https://s1.ticketm.net/dam/a/00f/b9aebee0-d1cb-4a5c-8e0e-0ca03fd4d00f_ARTIST_PAGE_3_2.jpg
Hamilton (NY),2025-05-28,19:00:00,Richard Rodgers Theatre,New York,https://www.ticketmaster.com/hamilton-ny-new-york-new-york-05-28-2025/event/Z1r9uZrrZbpZ1AvaAaM,https://s1.ticketm.net/dam/a/00f/b9aebee0-d1cb-4a5c-8e0e-0ca03fd4d00f_ARTIST_PAGE_3_2.jpg
Hamilton,2025-05-28,13:00:00,Richard Rodgers Theatre-NY,New York,https://www.ticketmaster.com/event/Z7r9jZ1A7okJ7,https://s1.ticketm.net/dam/a/00f/b9aebee0-d1cb-4a5c-8e0e-0ca03fd4d00f_ARTIST_PAGE_3_2.jpg
Hamilton,2025-05-28,19:00:00,Richard Rodgers Theatre-NY,New York,https://www.ticketmaster.com/event/Z7r9jZ1A7okJd,https://s1.ticketm.net/dam/a/00f/b9aebee0-d1cb-4a5c-8e0e-0ca03fd4d00f_ARTIST_PAGE_3_2.jpg
Hamilton (NY),2025-05-29,19:00:00,Richard Rodgers Theatre,New York,https://www.ticketmaster.com/hamilton-ny-new-york-new-york-05-29-2025/event/Z1r9uZrrZbpZ1AvaAub,https://s1.ticketm.net/dam/a/00f/b9aebee0-d1cb-4a5c-8e0e-0ca03fd4d00f_ARTIST_PAGE_3_2.jpg
Hamilton,2025-05-29,19:00:00,Richard Rodgers Theatre-NY,New York,https://www.ticketmaster.com/event/Z7r9jZ1A7okJA,https://s1.ticketm.net/dam/a/00f/b9aebee0-d1cb-4a5c-8e0e-0ca03fd4d00f_ARTIST_PAGE_3_2.jpg
